{"cameraMode":{"drawMode":0,"name":"Shaded","section":"Shading Mode"},"sceneLighting":true,"audioPlay":false,"sceneViewState":{"m_AlwaysRefresh":false,"showFog":true,"showSkybox":true,"showFlares":true,"showImageEffects":true,"showParticleSystems":true,"showVisualEffectGraphs":true,"m_FxEnabled":true},"in2DMode":false,"pivot":{"x":-1.7815483808517457,"y":2.756153106689453,"z":2.247008800506592},"rotation":{"x":0.5628844499588013,"y":0.007438411470502615,"z":-0.005066166631877422,"w":0.8264882564544678},"size":1.8858575820922852,"orthographic":false}