{"cameraMode":{"drawMode":0,"name":"Shaded","section":"Shading Mode"},"sceneLighting":false,"audioPlay":false,"sceneViewState":{"m_AlwaysRefresh":false,"showFog":false,"showSkybox":false,"showFlares":false,"showImageEffects":false,"showParticleSystems":false,"showVisualEffectGraphs":true,"m_FxEnabled":true},"in2DMode":false,"pivot":{"x":0.000004470348358154297,"y":1.1044443845748902,"z":-0.031169280409812928},"rotation":{"x":0.004622544161975384,"y":0.9933939576148987,"z":-0.0432400144636631,"w":0.1061982735991478},"size":0.9770666360855103,"orthographic":false}